Dataset,Reference,Access,N,Age (years),Tesla,Structural MRI contrasts,Min voxel size (mm3),Other MR modalities
"<a href=""https://openneuro.org/datasets/ds005216/versions/1.1.0"" target=""_blank"">UltraCortex</a>","<a href=""https://www.nature.com/articles/s41597-025-04779-2"" target=""_blank"">Mahler et al, 2025</a>",1.0,86,[22-53],9.4,T1,0.8 x 0.8 x 0.8; 0.6 x 0.6 x 0.6,
"<a href=""https://zenodo.org/records/7432527"" target=""_blank"">BigBrain-MR</a>","<a href=""https://www.sciencedirect.com/science/article/pii/S1053811923002203?via%3Dihub"" target=""_blank"">Sainz Martinez et al, 2023</a>",1.0,1,65,7,"T1w, T2w, T2*w, T1 map, QSM",0.1 x 0.1 x 0.1,
"<a href=""https://doi.org/10.1038/s41597-019-0254-8"" target=""_blank"">Edlow-Brain*</a>","<a href=""https://www.nature.com/articles/s41597-019-0254-8"" target=""_blank"">Edlow et al, 2019</a>",1.0,1,58,7,T1w,0.1 x 0.1 x 0.1,
"<a href=""https://datadryad.org/dataset/doi:10.5061/dryad.38s74"" target=""_blank"">InVivo250μm</a>","<a href=""https://www.nature.com/articles/sdata201732"" target=""_blank"">Lüsebrink et al, 2017</a>",1.0,1,27,7,T1w,0.25 x 0.25 x 0.25; 0.5 x 0.5 x 0.5; 1 x 1 x 1,
"<a href=""https://doi.org/10.18112/openneuro.ds003563.v1.0.1"" target=""_blank"">Human Phantom</a>","<a href=""https://www.nature.com/articles/s41597-021-00923-w"" target=""_blank"">Lüsebrink et al, 2021</a>",1.0,1,longitudinal 27-38,7,"T1w, T2w, T2*, QSM, ToF",0.25 x 0.25 x 0.25; 0.45 x 0.45 x 0.45,"DWI, fMRI"
"<a href=""https://doi.org/10.21942/uva.14260064.v2%20%20AND%20https:/doi.org/10.21942/uva.16834114.v2"" target=""_blank"">Amsterdam-Unified brains*</a>","<a href=""https://doi.org/10.1126/sciadv.abj7892"" target=""_blank"">Alkemade et al, 2022</a>",1.0,2,[59;75],7,"R1-, R2*-, PD-maps, Biel, CB, CR, PV, Nissl",0.4 x 0.4 x 0.4,
"<a href=""https://osf.io/mhq3f/overview"" target=""_blank"">MICA-PNI</a>","<a href=""https://www.nature.com/articles/s41597-025-04863-7"" target=""_blank"">Gift Cabalo et al, 2025</a>",1.0,10,[20-36],7,"T1, T2*, QSM, MT",0.5 x 0.5 x 0.5; 0.7 x 0.7 x 0.7,"DWI, fMRI"
"<a href=""http://www.nitrc.org/frs/?group_id=606"" target=""_blank"">CBS</a>","<a href=""https://www.sciencedirect.com/science/article/abs/pii/S1053811915007612?via%3Dihub"" target=""_blank"">Lucas Tardif et al, 2016</a>",1.0,28,26 ± 4,7,"T1, T2*w",0.5 x 0.5 x 0.5,
"<a href=""https://openneuro.org/datasets/ds003967/versions/1.0.0"" target=""_blank"">7TAMIBrain</a>","<a href=""https://doi.org/10.1111/ejn.15575"" target=""_blank"">Brun et al, 2021</a>",1.0,60,[19-54],7,T1 map,0.6 x 0.6 x 0.6,
"<a href=""https://uvaauas.figshare.com/articles/dataset/The_Amsterdam_Ultra-high_field_adult_lifespan_database_AHEAD_A_freely_available_multimodal_7_Tesla_submillimeter_magnetic_resonance_imaging_database/10007840/1"" target=""_blank"">AHEAD (whole brain, slab)</a>","<a href=""https://www.sciencedirect.com/science/article/pii/S1053811920306868?via%3Dihub"" target=""_blank"">Alkemade et al, 2020 Bazin et al, 2025</a>",1.0,105,[18-80],"3, 7","T1, T2*, QSM",0.64 × 0.64 × 0.7; 0.5 x 0.5 x 0.5,DWI
"<a href=""https://doi.org/10.6084/m9.figshare.23706033"" target=""_blank"">Chen UNC Paired 3T-7T</a>","<a href=""https://www.nature.com/articles/s41597-023-02400-y"" target=""_blank"">Chen et al, 2023 </a>",1.0,10,[25-41],"3, 7","T1w, T2w",0.65 x 0.65 x 0.65; 0.8 x 0.8 x 0.8,
"<a href=""https://zenodo.org/record/1206163"" target=""_blank"">MAASTRICHT</a>","<a href=""https://journals.plos.org/plosone/article?id=10.1371/journal.pone.0198335"" target=""_blank"">Faruk Gulban et al, 2018</a>",1.0,5,[24-30],7,"T1w, T2w, T2*w",0.7x 0.7 x 0.7,
"<a href=""https://balsa.wustl.edu/project?project=HCP_YA"" target=""_blank"">HCP-YA</a>","<a href=""https://www.sciencedirect.com/science/article/abs/pii/S1053811913005351?via%3Dihub"" target=""_blank"">Van Essen et al, 2013</a>",2.0,1113,[22-35],"3, 7","T1w, T2w",0.7 x 0.7 x 0.7,"DWI,fMRI"
"<a href=""https://doi.org/10.1101/2024.06.17.596303"" target=""_blank"">ATAG</a>","<a href=""https://www.nature.com/articles/sdata201450"" target=""_blank"">Forstmann et al, 2014</a>",1.0,53,[23-73],7,"T1, T2w",0.7 x 0.7 x 0.7; 0.5 x 0.5 x 0.5,
"<a href=""https://openneuro.org/datasets/ds004470/versions/1.0.1"" target=""_blank"">SNSX</a>","<a href=""https://www.nature.com/articles/s41597-023-02330-9"" target=""_blank"">Taha et al, 2023</a>",1.0,32,[20-70],7,T1,0.7 x 0.7 x 0.7,
"<a href=""https://doi.org/10.21942/uva.25690692"" target=""_blank"">HR7TfMRI</a>","<a href=""https://www.sciencedirect.com/science/article/pii/S2352340924006358"" target=""_blank"">Groot et al, 2024</a>",1.0,56,[19-39],7,T1w,0.75 x 0.75 x 0.75,fMRI
"<a href=""https://doi.org/10.25452/figshare.plus.26075713"" target=""_blank"">Chu Paired 3T-7T</a>","<a href=""https://www.nature.com/articles/s41597-025-04586-9"" target=""_blank"">Chu et al, 2025</a>",1.0,20,[18-25],"3, 7","T1w, T2w",0.9 x 0.9 x 1.9; 1 x 1 x 1; 0.4 x 0.4 x 1; 0.7 x 0.7 x 0.7,"DWI, fMRI"
"<a href=""https://registry.opendata.aws/nsd/"" target=""_blank"">NSD</a>","<a href=""https://doi.org/10.1038/s41593-021-00962-x"" target=""_blank"">Allen et al, 2022</a>",2.0,14,[18-53],7,"T1w, T2w",0.8 x 0.8 x 0.8,"DWI,fMRI"
"<a href=""https://openneuro.org/datasets/ds002702/versions/1.0.1"" target=""_blank"">fLoc</a>","<a href=""https://www.sciencedirect.com/science/article/abs/pii/S1053811919300928"" target=""_blank"">Kay et al, 2019</a>",1.0,10,N/S,7,T1w,0.8 x 0.8 x 0.8,fMRI
"<a href=""https://openneuro.org/datasets/ds005747/versions/1.2.1"" target=""_blank"">Zhang-fMRI</a>","<a href=""https://www.biorxiv.org/content/10.1101/2023.07.20.548178v3.full"" target=""_blank"">Zhang et al, 2025</a>",1.0,90,[18-40],7,T1w,1 x 1 x 1,fMRI
"<a href=""https://openneuro.org/datasets/ds000113/versions/1.3.0"" target=""_blank"">FORRESTGUMP</a>","<a href=""https://www.nature.com/articles/sdata20143"" target=""_blank"">Hanke et al, 2014</a>",,20,[21-38],3,"T1w, T2w, SWI",0.67 x 0.67 x 0.7; 0.67 x 0.67 x 0.7; 0.43 x 0.43 x 0.35,
"<a href=""https://fcon_1000.projects.nitrc.org/indi/abide/databases.html"" target=""_blank"">ABIDE</a>","<a href=""https://www.nature.com/articles/sdata201710"" target=""_blank"">Di Martino et al, 2017</a>",2.0,557,[5-64],3,T1w,0.7 x 0.7 x 0.7,"DWI,fMRI"
"<a href=""https://openneuro.org/datasets/ds004146/versions/1.0.4"" target=""_blank"">QTAB</a>","<a href=""https://www.nature.com/articles/s41597-023-02038-w"" target=""_blank"">Strike et al, 2023</a>",2.0,422,[9-16],3,"T1w, T2w, FLAIR, SWI, ASL",0.8 x 0.8 x 0.8,"DWI,fMRI"
"<a href=""https://biomedia.github.io/dHCP-release-notes/supplementary_files/Guidelines%20downloading%20data%20v3.pdf"" target=""_blank"">dHCP - neonatal</a>","<a href=""https://www.sciencedirect.com/science/article/abs/pii/S1053811913005351?via%3Dihub"" target=""_blank"">Edwards et al, 2022</a>",3.0,783,[0-2],3,"T1w, T2w",0.8 x 0.8 x 0.8,"DWI,fMRI"
"<a href=""https://fcon_1000.projects.nitrc.org/indi/cmi_healthy_brain_network/MRI_EEG.html"" target=""_blank"">CMI-HBN</a>","<a href=""https://www.nature.com/articles/sdata2017181"" target=""_blank"">Alexander et al, 2017</a>",2.0,664,[5-21],3,"T1w, T2w",0.8 x 0.8 x 0.8,"DWI,fMRI"
"<a href=""https://openneuro.org/datasets/ds000224/versions/00002"" target=""_blank"">MSC-Midnight Scan Club</a>","<a href=""https://www.cell.com/neuron/fulltext/S0896-6273(17)30613-X"" target=""_blank"">Gordon et al, 2017</a>",1.0,10,[24-34],3,"T1w, T2w",0.8 x 0.8 x 0.8; 0.8 x 0.8 x 0.8,fMRI
"<a href=""https://portal.conp.ca/dataset?id=projects/mica-mics"" target=""_blank"">MICA-MIC</a>","<a href=""https://www.nature.com/articles/s41597-022-01682-y"" target=""_blank"">Royer et al, 2022</a>",1.0,50,30 ± 6,3,T1w,0.8 x 0.8 x 0.8; 0.8 x 0.8 x 0.8,"DWI, fMRI"
"<a href=""http://datasets.datalad.org/?dir=/labs/haxby/raiders"" target=""_blank"">RAIDERS-Darmouth</a>","<a href=""https://pmc.ncbi.nlm.nih.gov/articles/PMC3201764/"" target=""_blank"">Haxby et al, 2012</a>",1.0,11,average 25,3,T1w,0.938 x 0.938 x 1,fMRI
"<a href=""https://openneuro.org/datasets/ds000221/versions/00002"" target=""_blank"">MPI-LMBB LEMON M&C</a>","<a href=""https://www.nature.com/articles/sdata2018308"" target=""_blank"">Babayan et al, 2019</a>",1.0,321,[20-35;59-77],3,"T1w, T2w, SWI, QSM",1 x 1 x 1; 1 x 1 x 1,"DWI,fMRI"
"<a href=""https://www.massive-data.org/"" target=""_blank"">MASSIVE</a>","<a href=""https://onlinelibrary.wiley.com/doi/10.1002/mrm.26259"" target=""_blank"">Froeling et al, 2016</a>",1.0,1,25,3,"T1w, T2w, FLAIR",1 x 1 x 1,DWI
"<a href=""https://openneuro.org/datasets/ds005752/versions/2.1.0"" target=""_blank"">NIMH</a>","<a href=""https://www.nature.com/articles/s41597-022-01623-9"" target=""_blank"">Nugent et al, 2022</a>",1.0,1859,[18-90],3,"T1w, T2w",1 x 1 x 1; 1 x 1 x 1,"DWI, fMRI"
"<a href=""https://openneuro.org/datasets/ds004856/versions/1.3.0"" target=""_blank"">CAM-CAN</a>","<a href=""https://link.springer.com/article/10.1186/s12883-014-0204-1"" target=""_blank"">Shafto et al, 2014</a>",2.0,656,[18-87],3,"T1w,T2w",1 x 1 x 1; 1 x 1 x 1,DWI
"<a href=""https://osf.io/yfms7/overview"" target=""_blank"">Multi Echo QSM</a>","<a href=""https://www.sciencedirect.com/science/article/pii/S1053811922006371?via%3Dihub"" target=""_blank"">Shi et al, 2022</a>",1.0,8,N/S,3,QSM,1 × 1 × 1,
"<a href=""https://www.nbdc-datahub.org/data-tools-lasso"" target=""_blank"">ABCD</a>","<a href=""https://www.sciencedirect.com/science/article/pii/S1878929319302932"" target=""_blank"">Marek et al, 2019</a>",3.0,11875,[9-16],3,T1w,1 x 1 x 1,"DWI,fMRI"
"<a href=""http://fcon_1000.projects.nitrc.org/indi/enhanced/"" target=""_blank"">NKI-RS</a>","<a href=""https://www.nature.com/articles/s41597-022-01329-y"" target=""_blank"">Tobe et al, 2022</a>",2.0,1500,[6-85],3,T1w,1 x 1 x 1,
"<a href=""https://nilab-uva.github.io/AOMIC.github.io/"" target=""_blank"">AOMIC</a>","<a href=""https://www.nature.com/articles/s41597-021-00870-6"" target=""_blank"">Snoek et al, 2021</a>",1.0,1370,[18-26],3,T1w,1 x 1 x 1,"DWI, fMRI"
"<a href=""http://fcon_1000.projects.nitrc.org/indi/retro/sald.html"" target=""_blank"">SALD</a>","<a href=""https://www.nature.com/articles/sdata2018134"" target=""_blank"">Wei et al, 2018</a>",2.0,494,[18-80],3,T1w,1 x 1 x 1,fMRI
"<a href=""https://openneuro.org/datasets/ds004856/versions/1.3.0"" target=""_blank"">DLBS</a>","<a href=""https://www.nature.com/articles/s41597-025-04847-7"" target=""_blank"">Park et al, 2025</a>",,464,[21-89],3,T1w,1 x 1 x 1,DWI
"<a href=""https://www.nitrc.org/projects/age-ility/"" target=""_blank"">AGE-ILITY</a>","<a href=""https://www.sciencedirect.com/science/article/abs/pii/S105381191500347X?via%3Dihub"" target=""_blank"">Karayanidis et al, 2016</a>",1.0,131,[15-35],3,T1w,1 x 1 x 1,"DWI,fMRI"
"<a href=""https://figshare.com/articles/PTBP_Nifti/1190933"" target=""_blank"">PTBP</a>","<a href=""https://www.nature.com/articles/sdata20153"" target=""_blank"">Avants et al, 2015</a>",1.0,120,[7-18],3,T1w,1 x 1 x 1,
"<a href=""https://openneuro.org/datasets/ds000258/versions/1.0.1"" target=""_blank"">Multi-echo Cambridge</a>","<a href=""https://www.biorxiv.org/content/10.1101/2023.07.20.548178v3.full"" target=""_blank"">Power et al, 2018</a>",1.0,89,33 ± 13,3,T1w,1 x 1 x 1,fMRI
"<a href=""https://fcon_1000.projects.nitrc.org/indi/retro/cobre.html"" target=""_blank"">COBRE</a>","<a href=""https://pmc.ncbi.nlm.nih.gov/articles/PMC3254121/"" target=""_blank"">Calhoun et al, 2012</a>",2.0,75,[18-66],3,T1w,1 x 1 x 1,fMRI